{
  "params": {
    "d_model": 109.0,
    "nhead": 3.0,
    "num_layers": 3.0,
    "dropout": 0.3395106915171675,
    "lag_max": 10.0,
    "kan_grid_size": 8.0,
    "epochs": 10.0,
    "batch_size": 40.0,
    "lr": 0.002087713372146006,
    "trend_weight": 0.10028395771635816
  },
  "metrics": {
    "mse": 6.496035575866699,
    "rmse": 2.5487321506715253,
    "mae": 1.9279909133911133,
    "mape": 420.8348274230957,
    "smape": 91.70791506767273,
    "mase": 1.3568255713242077,
    "dtw": 1.9279909133911133,
    "r2": -0.3863952434724345
  },
  "rank_sum": 173,
  "trial_index": 182
}