{
  "x": {
    "d_model": 55.0,
    "nhead": 1.0,
    "num_layers": 2.0,
    "dropout": 0.1426538827419648,
    "lag_max": 4.0,
    "kan_grid_size": 2.0,
    "epochs": 20.0,
    "batch_size": 16.0,
    "lr": 0.007457017408811679,
    "trend_weight": 3.2538820305531453
  },
  "y": {
    "mse": 6.847888946533203,
    "rmse": 2.616847138549213,
    "mae": 2.1013846397399902,
    "mape": 382.61611461639404,
    "smape": 101.26352310180664,
    "mase": 1.478851583056568,
    "dtw": 1.7052537821233273,
    "r2": -0.4614883606572058
  },
  "rank_sum": 17.0
}