{
  "x": {
    "d_model": 251.0,
    "nhead": 3.0,
    "num_layers": 4.0,
    "dropout": 0.44052920769449844,
    "lag_max": 11.0,
    "kan_grid_size": 3.0,
    "epochs": 10.0,
    "batch_size": 54.0,
    "lr": 0.001052686754199207,
    "trend_weight": 2.4774594223295776
  },
  "y": {
    "mse": 6.305312156677246,
    "rmse": 2.5110380635659917,
    "mae": 1.9494085311889648,
    "mape": 369.82860565185547,
    "smape": 96.24167680740356,
    "mase": 1.371898241689578,
    "dtw": 1.8627550683915615,
    "r2": -0.34569071987012845
  },
  "rank_sum": 16.0
}