{
  "x": {
    "d_model": 74.0,
    "nhead": 8.0,
    "num_layers": 4.0,
    "dropout": 0.1578056188867499,
    "lag_max": 18.0,
    "kan_grid_size": 5.0,
    "epochs": 14.0,
    "batch_size": 16.0,
    "lr": 0.0038012640946134078,
    "trend_weight": 4.955041418378264
  },
  "y": {
    "mse": 7.905760288238525,
    "rmse": 2.8117183870790696,
    "mae": 2.097550868988037,
    "mape": 444.2254066467285,
    "smape": 91.81127548217773,
    "mase": 1.47615356298048,
    "dtw": 1.7733177922666072,
    "r2": -0.6872610806396855
  },
  "rank_sum": 17.0
}