y_true,y_pred
-3.900169,-3.526326
-3.6840258,-2.8833778
-3.0628474,-3.689766
2.152368,-3.844436
0.48367426,-3.4022696
0.52098024,-3.7621114
-1.629961,-2.4478068
-3.1361926,-3.1584823
-3.0569046,-3.5605795
-1.2334424,-2.431386
-0.06941478,-3.6227882
2.399442,-3.4985657
0.53694206,-3.0023293
-2.4534187,-3.4433854
-2.8351612,-2.633627
-4.120487,-2.3347714
-4.618091,-3.4101398
-3.831465,-3.0848737
-0.439467,-2.5725377
1.1422951,-3.5040722
