{
  "mse": 8.26215648651123,
  "rmse": 2.8743967169670976,
  "mae": 2.1605424880981445,
  "mape": 458.6503505706787,
  "smape": 92.825448513031,
  "mase": 1.5204839791634996,
  "dtw": 1.8393177054822445,
  "r2": -0.7633238377550597
}